{
  "ratioWeight": 1,
  "Radius": 643.2000122070312,
  "Nb": 375,
  "PolygonFaces": 3,
  "LineWeight": 1,
  "Rotation": 2,
  "ratioRadius": 0.9860000610351562
}